tangent_height_km,R_lin,G_lin,B_lin
0.0000,8.603090e-03,0.000000e+00,0.000000e+00
0.0587,8.806968e-03,0.000000e+00,0.000000e+00
0.1174,9.014620e-03,0.000000e+00,0.000000e+00
0.1761,9.226073e-03,0.000000e+00,0.000000e+00
0.2348,9.441359e-03,0.000000e+00,0.000000e+00
0.2935,9.661201e-03,0.000000e+00,0.000000e+00
0.3523,9.885830e-03,0.000000e+00,0.000000e+00
0.4110,1.011444e-02,0.000000e+00,0.000000e+00
0.4697,1.034707e-02,0.000000e+00,0.000000e+00
0.5284,1.058372e-02,0.000000e+00,0.000000e+00
0.5871,1.082584e-02,0.000000e+00,0.000000e+00
0.6458,1.107226e-02,1.127965e-05,0.000000e+00
0.7045,1.132279e-02,2.459152e-05,0.000000e+00
0.7632,1.157745e-02,3.856360e-05,0.000000e+00
0.8219,1.183671e-02,5.329782e-05,0.000000e+00
0.8806,1.210118e-02,6.892594e-05,0.000000e+00
0.9393,1.236960e-02,8.527448e-05,0.000000e+00
0.9980,1.264177e-02,1.023450e-04,0.000000e+00
1.0568,1.291754e-02,1.201452e-04,0.000000e+00
1.1155,1.319904e-02,1.389874e-04,0.000000e+00
1.1742,1.348563e-02,1.587639e-04,0.000000e+00
1.2329,1.377689e-02,1.794177e-04,0.000000e+00
1.2916,1.407287e-02,2.009713e-04,0.000000e+00
1.3503,1.437391e-02,2.235175e-04,0.000000e+00
1.4090,1.468125e-02,2.473321e-04,0.000000e+00
1.4677,1.499342e-02,2.721470e-04,0.000000e+00
1.5264,1.531043e-02,2.979852e-04,0.000000e+00
1.5851,1.563229e-02,3.248701e-04,0.000000e+00
1.6438,1.596023e-02,3.530995e-04,0.000000e+00
1.7025,1.629380e-02,3.826134e-04,0.000000e+00
1.7613,1.663225e-02,4.132755e-04,0.000000e+00
1.8200,1.697560e-02,4.451083e-04,0.000000e+00
1.8787,1.732394e-02,4.781644e-04,0.000000e+00
1.9374,1.767881e-02,5.128881e-04,0.000000e+00
1.9961,1.803810e-02,5.488236e-04,0.000000e+00
2.0548,1.840208e-02,5.860276e-04,0.000000e+00
2.1135,1.877102e-02,6.245590e-04,0.000000e+00
2.1722,1.914624e-02,6.647666e-04,0.000000e+00
2.2309,1.952776e-02,7.067104e-04,0.000000e+00
2.2896,1.991456e-02,7.501475e-04,0.000000e+00
2.3483,2.030666e-02,7.951089e-04,0.000000e+00
2.4070,2.070406e-02,8.416259e-04,0.000000e+00
2.4658,2.110868e-02,8.903337e-04,0.000000e+00
2.5245,2.151869e-02,9.407351e-04,0.000000e+00
2.5832,2.193396e-02,9.928224e-04,0.000000e+00
2.6419,2.235447e-02,1.046625e-03,0.000000e+00
2.7006,2.278091e-02,1.102433e-03,0.000000e+00
2.7593,2.321368e-02,1.160470e-03,0.000000e+00
2.8180,2.365145e-02,1.220333e-03,0.000000e+00
2.8767,2.409409e-02,1.282037e-03,0.000000e+00
2.9354,2.454141e-02,1.345589e-03,0.000000e+00
2.9941,2.499400e-02,1.411509e-03,0.000000e+00
3.0528,2.545088e-02,1.479411e-03,0.000000e+00
3.1115,2.591280e-02,1.549347e-03,0.000000e+00
3.1703,2.638021e-02,1.621423e-03,0.000000e+00
3.2290,2.685361e-02,1.695894e-03,0.000000e+00
3.2877,2.733405e-02,1.773268e-03,0.000000e+00
3.3464,2.781991e-02,1.852945e-03,0.000000e+00
3.4051,2.831115e-02,1.934961e-03,0.000000e+00
3.4638,2.880770e-02,2.019351e-03,0.000000e+00
3.5225,2.931088e-02,2.106813e-03,0.000000e+00
3.5812,2.981986e-02,2.197060e-03,0.000000e+00
3.6399,3.033391e-02,2.289825e-03,0.000000e+00
3.6986,3.085293e-02,2.385137e-03,0.000000e+00
3.7573,3.137702e-02,2.483147e-03,0.000000e+00
3.8160,3.190726e-02,2.584651e-03,0.000000e+00
3.8748,3.244172e-02,2.688762e-03,0.000000e+00
3.9335,3.297993e-02,2.795445e-03,0.000000e+00
3.9922,3.352130e-02,2.904634e-03,0.000000e+00
4.0509,3.406487e-02,3.016657e-03,0.000000e+00
4.1096,3.461443e-02,3.132137e-03,0.000000e+00
4.1683,3.516925e-02,3.250663e-03,0.000000e+00
4.2270,3.572940e-02,3.372293e-03,0.000000e+00
4.2857,3.629487e-02,3.497078e-03,0.000000e+00
4.3444,3.686760e-02,3.626348e-03,0.000000e+00
4.4031,3.744544e-02,3.758909e-03,0.000000e+00
4.4618,3.802835e-02,3.894807e-03,0.000000e+00
4.5205,3.861626e-02,4.034082e-03,0.000000e+00
4.5793,3.920995e-02,4.177374e-03,0.000000e+00
4.6380,3.980944e-02,4.324919e-03,0.000000e+00
4.6967,4.041359e-02,4.475997e-03,0.000000e+00
4.7554,4.102226e-02,4.630631e-03,0.000000e+00
4.8141,4.163529e-02,4.788844e-03,0.000000e+00
4.8728,4.225382e-02,4.951880e-03,0.000000e+00
4.9315,4.287614e-02,5.118643e-03,0.000000e+00
4.9902,4.350125e-02,5.288778e-03,0.000000e+00
5.0489,4.412912e-02,5.462325e-03,0.000000e+00
5.1076,4.476123e-02,5.640108e-03,0.000000e+00
5.1663,4.539898e-02,5.823056e-03,0.000000e+00
5.2250,4.604108e-02,6.010144e-03,0.000000e+00
5.2838,4.668744e-02,6.201416e-03,0.000000e+00
5.3425,4.733794e-02,6.396912e-03,0.000000e+00
5.4012,4.799351e-02,6.597926e-03,0.000000e+00
5.4599,4.865318e-02,6.803696e-03,0.000000e+00
5.5186,4.931646e-02,7.013834e-03,0.000000e+00
5.5773,4.998317e-02,7.228366e-03,0.000000e+00
5.6360,5.065335e-02,7.447636e-03,0.000000e+00
5.6947,5.132727e-02,7.672736e-03,0.000000e+00
5.7534,5.200366e-02,7.902257e-03,0.000000e+00
5.8121,5.268220e-02,8.136175e-03,0.000000e+00
5.8708,5.336251e-02,8.374445e-03,0.000000e+00
5.9295,5.404404e-02,8.617965e-03,0.000000e+00
5.9883,5.472367e-02,8.865591e-03,0.000000e+00
6.0470,5.540248e-02,9.117063e-03,0.000000e+00
6.1057,5.608213e-02,9.372889e-03,0.000000e+00
6.1644,5.676515e-02,9.633928e-03,0.000000e+00
6.2231,5.745247e-02,9.902023e-03,0.000000e+00
6.2818,5.814265e-02,1.017533e-02,0.000000e+00
6.3405,5.883563e-02,1.045390e-02,0.000000e+00
6.3992,5.953132e-02,1.073777e-02,0.000000e+00
6.4579,6.023002e-02,1.102803e-02,0.000000e+00
6.5166,6.093141e-02,1.132472e-02,0.000000e+00
6.5753,6.163483e-02,1.162683e-02,0.000000e+00
6.6341,6.234015e-02,1.193436e-02,0.000000e+00
6.6928,6.304721e-02,1.224734e-02,0.000000e+00
6.7515,6.375612e-02,1.256774e-02,0.000000e+00
6.8102,6.446602e-02,1.289367e-02,0.000000e+00
6.8689,6.517655e-02,1.322493e-02,0.000000e+00
6.9276,6.588731e-02,1.356140e-02,0.000000e+00
6.9863,6.659750e-02,1.390358e-02,0.000000e+00
7.0450,6.730557e-02,1.425134e-02,0.000000e+00
7.1037,6.801404e-02,1.460477e-02,0.000000e+00
7.1624,6.872317e-02,1.496409e-02,0.000000e+00
7.2211,6.943280e-02,1.532936e-02,0.000000e+00
7.2798,7.014265e-02,1.570246e-02,0.000000e+00
7.3386,7.085240e-02,1.608198e-02,0.000000e+00
7.3973,7.156165e-02,1.646744e-02,0.000000e+00
7.4560,7.227012e-02,1.685882e-02,0.000000e+00
7.5147,7.297743e-02,1.725669e-02,0.000000e+00
7.5734,7.368265e-02,1.766212e-02,0.000000e+00
7.6321,7.438565e-02,1.807328e-02,0.000000e+00
7.6908,7.508599e-02,1.849011e-02,0.000000e+00
7.7495,7.578319e-02,1.891249e-02,2.776499e-05
7.8082,7.647519e-02,1.934161e-02,1.126097e-04
7.8669,7.716098e-02,1.977625e-02,2.021604e-04
7.9256,7.783919e-02,2.021516e-02,2.960214e-04
7.9843,7.850644e-02,2.065726e-02,3.942767e-04
8.0431,7.915696e-02,2.110094e-02,4.972248e-04
8.1018,7.980248e-02,2.155201e-02,6.064257e-04
8.1605,8.044750e-02,2.200972e-02,7.204921e-04
8.2192,8.109212e-02,2.247418e-02,8.395491e-04
8.2779,8.173624e-02,2.294542e-02,9.637230e-04
8.3366,8.237952e-02,2.342492e-02,1.094353e-03
8.3953,8.302163e-02,2.391236e-02,1.231434e-03
8.4540,8.366261e-02,2.440659e-02,1.374195e-03
8.5127,8.430230e-02,2.490760e-02,1.522767e-03
8.5714,8.494055e-02,2.541537e-02,1.677284e-03
8.6301,8.557630e-02,2.593247e-02,1.840366e-03
8.6888,8.620994e-02,2.645621e-02,2.009824e-03
8.7476,8.684123e-02,2.698650e-02,2.185782e-03
8.8063,8.746990e-02,2.752326e-02,2.368356e-03
8.8650,8.809506e-02,2.806738e-02,2.558830e-03
8.9237,8.871572e-02,2.861871e-02,2.757679e-03
8.9824,8.933093e-02,2.917477e-02,2.963217e-03
9.0411,8.994096e-02,2.973581e-02,3.175657e-03
9.0998,9.054675e-02,3.030255e-02,3.395357e-03
9.1585,9.114915e-02,3.087891e-02,3.625822e-03
9.2172,9.174859e-02,3.146278e-02,3.865015e-03
9.2759,9.234498e-02,3.205377e-02,4.112728e-03
9.3346,9.293809e-02,3.265184e-02,4.369148e-03
9.3933,9.352721e-02,3.325781e-02,4.635588e-03
9.4521,9.411125e-02,3.387256e-02,4.913742e-03
9.5108,9.469084e-02,3.449411e-02,5.201407e-03
9.5695,9.526558e-02,3.512235e-02,5.498769e-03
9.6282,9.583506e-02,3.575714e-02,5.806014e-03
9.6869,9.639685e-02,3.640007e-02,6.126382e-03
9.7456,9.695101e-02,3.704950e-02,6.458215e-03
9.8043,9.749717e-02,3.770441e-02,6.800666e-03
9.8630,9.803414e-02,3.836428e-02,7.153870e-03
9.9217,9.855951e-02,3.902874e-02,7.518771e-03
9.9804,9.906184e-02,3.969496e-02,7.897937e-03
10.0391,9.954250e-02,4.036054e-02,8.287915e-03
10.0978,1.000132e-01,4.103048e-02,8.689501e-03
10.1566,1.004843e-01,4.170922e-02,9.103448e-03
10.2153,1.009560e-01,4.239906e-02,9.533225e-03
10.2740,1.014284e-01,4.309932e-02,9.978096e-03
10.3327,1.019015e-01,4.380875e-02,1.043647e-02
10.3914,1.023753e-01,4.452747e-02,1.090861e-02
10.4501,1.028502e-01,4.525586e-02,1.139516e-02
10.5088,1.033266e-01,4.599746e-02,1.190160e-02
10.5675,1.038043e-01,4.674885e-02,1.242308e-02
10.6262,1.042837e-01,4.751028e-02,1.295990e-02
10.6849,1.047649e-01,4.828194e-02,1.351240e-02
10.7436,1.052488e-01,4.906614e-02,1.408418e-02
10.8023,1.057362e-01,4.986349e-02,1.467596e-02
10.8611,1.062275e-01,5.067245e-02,1.528506e-02
10.9198,1.067240e-01,5.149382e-02,1.591204e-02
10.9785,1.072273e-01,5.232861e-02,1.655753e-02
11.0372,1.077481e-01,5.318688e-02,1.723082e-02
11.0959,1.082693e-01,5.405530e-02,1.792296e-02
11.1546,1.087895e-01,5.493279e-02,1.863346e-02
11.2133,1.093079e-01,5.581883e-02,1.936237e-02
11.2720,1.098242e-01,5.671460e-02,2.011266e-02
11.3307,1.103385e-01,5.762078e-02,2.088647e-02
11.3894,1.108512e-01,5.853525e-02,2.167943e-02
11.4481,1.113625e-01,5.945792e-02,2.249168e-02
11.5068,1.118723e-01,6.038871e-02,2.332329e-02
11.5656,1.123805e-01,6.133000e-02,2.418059e-02
11.6243,1.128878e-01,6.227965e-02,2.505885e-02
11.6830,1.133944e-01,6.323698e-02,2.595660e-02
11.7417,1.139008e-01,6.420185e-02,2.687373e-02
11.8004,1.144073e-01,6.517477e-02,2.781192e-02
11.8591,1.149153e-01,6.615682e-02,2.877410e-02
11.9178,1.154264e-01,6.714561e-02,2.975358e-02
11.9765,1.159447e-01,6.814076e-02,3.074763e-02
12.0352,1.164727e-01,6.914195e-02,3.175441e-02
12.0939,1.170025e-01,7.015093e-02,3.278357e-02
12.1526,1.175257e-01,7.116701e-02,3.383789e-02
12.2114,1.180428e-01,7.218911e-02,3.491479e-02
12.2701,1.185535e-01,7.321701e-02,3.601440e-02
12.3288,1.190575e-01,7.425082e-02,3.713797e-02
12.3875,1.195520e-01,7.529148e-02,3.829235e-02
12.4462,1.200393e-01,7.633682e-02,3.946976e-02
12.5049,1.205191e-01,7.738649e-02,4.067018e-02
12.5636,1.209910e-01,7.844015e-02,4.189359e-02
12.6223,1.214527e-01,7.949791e-02,4.314491e-02
12.6810,1.219038e-01,8.055874e-02,4.442270e-02
12.7397,1.223454e-01,8.162135e-02,4.572270e-02
12.7984,1.227766e-01,8.268496e-02,4.704447e-02
12.8571,1.231967e-01,8.374876e-02,4.838751e-02
12.9159,1.235986e-01,8.480962e-02,4.975790e-02
12.9746,1.239812e-01,8.586209e-02,5.114296e-02
13.0333,1.243448e-01,8.690606e-02,5.254246e-02
13.0920,1.246927e-01,8.794441e-02,5.395862e-02
13.1507,1.250354e-01,8.898830e-02,5.540403e-02
13.2094,1.253727e-01,9.003766e-02,5.688002e-02
13.2681,1.257053e-01,9.109120e-02,5.838110e-02
13.3268,1.260332e-01,9.214871e-02,5.990724e-02
13.3855,1.263564e-01,9.321002e-02,6.145841e-02
13.4442,1.266731e-01,9.427587e-02,6.304300e-02
13.5029,1.269844e-01,9.534473e-02,6.465347e-02
13.5616,1.272906e-01,9.641620e-02,6.628840e-02
13.6204,1.275915e-01,9.748994e-02,6.794750e-02
13.6791,1.278862e-01,9.856563e-02,6.963327e-02
13.7378,1.281738e-01,9.964267e-02,7.134821e-02
13.7965,1.284554e-01,1.007199e-01,7.308517e-02
13.8552,1.287307e-01,1.017965e-01,7.484305e-02
13.9139,1.289993e-01,1.028714e-01,7.662042e-02
13.9726,1.292579e-01,1.039408e-01,7.841822e-02
14.0313,1.295060e-01,1.049998e-01,8.022419e-02
14.0900,1.297477e-01,1.060572e-01,8.204964e-02
14.1487,1.299847e-01,1.071164e-01,8.390002e-02
14.2074,1.302169e-01,1.081782e-01,8.577822e-02
14.2661,1.304429e-01,1.092427e-01,8.769040e-02
14.3249,1.306640e-01,1.103087e-01,8.962809e-02
14.3836,1.308800e-01,1.113760e-01,9.159110e-02
14.4423,1.310907e-01,1.124443e-01,9.357925e-02
14.5010,1.312949e-01,1.135132e-01,9.559821e-02
14.5597,1.314923e-01,1.145821e-01,9.764485e-02
14.6184,1.316835e-01,1.156502e-01,9.971508e-02
14.6771,1.318684e-01,1.167171e-01,1.018084e-01
14.7358,1.320463e-01,1.177822e-01,1.039246e-01
14.7945,1.322136e-01,1.188431e-01,1.060694e-01
14.8532,1.323721e-01,1.198993e-01,1.082331e-01
14.9119,1.325202e-01,1.209487e-01,1.104135e-01
14.9706,1.326553e-01,1.219882e-01,1.126065e-01
15.0294,1.327665e-01,1.230063e-01,1.148035e-01
15.0881,1.328692e-01,1.240192e-01,1.170219e-01
15.1468,1.329694e-01,1.250327e-01,1.192640e-01
15.2055,1.330681e-01,1.260479e-01,1.215311e-01
15.2642,1.331655e-01,1.270647e-01,1.238228e-01
15.3229,1.332607e-01,1.280832e-01,1.261476e-01
15.3816,1.333542e-01,1.291025e-01,1.284969e-01
15.4403,1.334459e-01,1.301224e-01,1.308695e-01
15.4990,1.335358e-01,1.311426e-01,1.332652e-01
15.5577,1.336234e-01,1.321627e-01,1.356864e-01
15.6164,1.337080e-01,1.331818e-01,1.381344e-01
15.6751,1.337899e-01,1.341995e-01,1.406029e-01
15.7339,1.338688e-01,1.352152e-01,1.430908e-01
15.7926,1.339443e-01,1.362283e-01,1.455972e-01
15.8513,1.340137e-01,1.372359e-01,1.481252e-01
15.9100,1.340765e-01,1.382364e-01,1.506670e-01
15.9687,1.341280e-01,1.392244e-01,1.532138e-01
16.0274,1.341673e-01,1.401986e-01,1.557636e-01
16.0861,1.341968e-01,1.411611e-01,1.583201e-01
16.1448,1.342315e-01,1.421282e-01,1.609061e-01
16.2035,1.342704e-01,1.430987e-01,1.635146e-01
16.2622,1.343134e-01,1.440725e-01,1.661453e-01
16.3209,1.343607e-01,1.450495e-01,1.687977e-01
16.3796,1.344137e-01,1.460306e-01,1.714771e-01
16.4384,1.344719e-01,1.470151e-01,1.741796e-01
16.4971,1.345349e-01,1.480025e-01,1.769018e-01
16.5558,1.346029e-01,1.489927e-01,1.796433e-01
16.6145,1.346761e-01,1.499856e-01,1.824044e-01
16.6732,1.347564e-01,1.509818e-01,1.851888e-01
16.7319,1.348420e-01,1.519800e-01,1.879888e-01
16.7906,1.349332e-01,1.529799e-01,1.908033e-01
16.8493,1.350301e-01,1.539811e-01,1.936307e-01
16.9080,1.351340e-01,1.549830e-01,1.964704e-01
16.9667,1.352448e-01,1.559830e-01,1.993133e-01
17.0254,1.353615e-01,1.569789e-01,2.021509e-01
17.0841,1.354845e-01,1.579737e-01,2.049912e-01
17.1429,1.356147e-01,1.589733e-01,2.078506e-01
17.2016,1.357552e-01,1.599801e-01,2.107368e-01
17.2603,1.359036e-01,1.609921e-01,2.136417e-01
17.3190,1.360599e-01,1.620093e-01,2.165649e-01
17.3777,1.362245e-01,1.630318e-01,2.195058e-01
17.4364,1.363990e-01,1.640605e-01,2.224669e-01
17.4951,1.365846e-01,1.650958e-01,2.254476e-01
17.5538,1.367796e-01,1.661366e-01,2.284437e-01
17.6125,1.369843e-01,1.671829e-01,2.314542e-01
17.6712,1.371992e-01,1.682347e-01,2.344783e-01
17.7299,1.374288e-01,1.692943e-01,2.375187e-01
17.7886,1.376706e-01,1.703599e-01,2.405695e-01
17.8474,1.379253e-01,1.714315e-01,2.436281e-01
17.9061,1.381939e-01,1.725092e-01,2.466919e-01
17.9648,1.384803e-01,1.735940e-01,2.497568e-01
18.0235,1.387965e-01,1.746881e-01,2.528035e-01
18.0822,1.391252e-01,1.757882e-01,2.558565e-01
18.1409,1.394633e-01,1.768939e-01,2.589219e-01
18.1996,1.398091e-01,1.780052e-01,2.620031e-01
18.2583,1.401651e-01,1.791235e-01,2.651039e-01
18.3170,1.405301e-01,1.802479e-01,2.682205e-01
18.3757,1.409034e-01,1.813777e-01,2.713508e-01
18.4344,1.412852e-01,1.825131e-01,2.744942e-01
18.4932,1.416764e-01,1.836543e-01,2.776511e-01
18.5519,1.420794e-01,1.848026e-01,2.808229e-01
18.6106,1.424917e-01,1.859563e-01,2.840049e-01
18.6693,1.429134e-01,1.871153e-01,2.871961e-01
18.7280,1.433448e-01,1.882794e-01,2.903953e-01
18.7867,1.437885e-01,1.894497e-01,2.936025e-01
18.8454,1.442437e-01,1.906251e-01,2.968136e-01
18.9041,1.447092e-01,1.918042e-01,3.000248e-01
18.9628,1.451846e-01,1.929851e-01,3.032293e-01
19.0215,1.456696e-01,1.941650e-01,3.064173e-01
19.0802,1.461700e-01,1.953500e-01,3.095996e-01
19.1389,1.466840e-01,1.965446e-01,3.127939e-01
19.1977,1.472120e-01,1.977492e-01,3.160001e-01
19.2564,1.477543e-01,1.989640e-01,3.192179e-01
19.3151,1.483147e-01,2.001916e-01,3.224489e-01
19.3738,1.488943e-01,2.014325e-01,3.256920e-01
19.4325,1.494906e-01,2.026850e-01,3.289446e-01
19.4912,1.501045e-01,2.039495e-01,3.322061e-01
19.5499,1.507366e-01,2.052266e-01,3.354760e-01
19.6086,1.513957e-01,2.065219e-01,3.387555e-01
19.6673,1.520768e-01,2.078320e-01,3.420409e-01
19.7260,1.527809e-01,2.091574e-01,3.453311e-01
19.7847,1.535099e-01,2.104993e-01,3.486248e-01
19.8434,1.542704e-01,2.118619e-01,3.519208e-01
19.9022,1.550722e-01,2.132514e-01,3.552149e-01
19.9609,1.559205e-01,2.146708e-01,3.585011e-01
20.0196,1.568225e-01,2.161247e-01,3.617754e-01
20.0783,1.577803e-01,2.176142e-01,3.650364e-01
20.1370,1.587483e-01,2.191110e-01,3.683076e-01
20.1957,1.597247e-01,2.206137e-01,3.715863e-01
20.2544,1.607089e-01,2.221216e-01,3.748714e-01
20.3131,1.617009e-01,2.236346e-01,3.781622e-01
20.3718,1.627014e-01,2.251531e-01,3.814589e-01
20.4305,1.637121e-01,2.266779e-01,3.847608e-01
20.4892,1.647305e-01,2.282071e-01,3.880658e-01
20.5479,1.657565e-01,2.297406e-01,3.913731e-01
20.6067,1.667900e-01,2.312781e-01,3.946819e-01
20.6654,1.678328e-01,2.328201e-01,3.979907e-01
20.7241,1.688832e-01,2.343651e-01,4.012974e-01
20.7828,1.699398e-01,2.359121e-01,4.046003e-01
20.8415,1.710020e-01,2.374602e-01,4.078977e-01
20.9002,1.720691e-01,2.390080e-01,4.111867e-01
20.9589,1.731375e-01,2.405498e-01,4.144555e-01
21.0176,1.741975e-01,2.420767e-01,4.176933e-01
21.0763,1.752605e-01,2.436008e-01,4.209166e-01
21.1350,1.763366e-01,2.451329e-01,4.241397e-01
21.1937,1.774327e-01,2.466790e-01,4.273672e-01
21.2524,1.785489e-01,2.482389e-01,4.305981e-01
21.3112,1.796830e-01,2.498110e-01,4.338312e-01
21.3699,1.808356e-01,2.513957e-01,4.370660e-01
21.4286,1.820071e-01,2.529932e-01,4.403019e-01
21.4873,1.832065e-01,2.546094e-01,4.435380e-01
21.5460,1.844274e-01,2.562397e-01,4.467730e-01
21.6047,1.856705e-01,2.578848e-01,4.500062e-01
21.6634,1.869370e-01,2.595451e-01,4.532366e-01
21.7221,1.882326e-01,2.612244e-01,4.564625e-01
21.7808,1.895616e-01,2.629252e-01,4.596811e-01
21.8395,1.909211e-01,2.646454e-01,4.628913e-01
21.8982,1.923148e-01,2.663872e-01,4.660907e-01
21.9569,1.937475e-01,2.681535e-01,4.692758e-01
22.0157,1.952609e-01,2.699697e-01,4.724230e-01
22.0744,1.968104e-01,2.718085e-01,4.755574e-01
22.1331,1.983815e-01,2.736609e-01,4.786879e-01
22.1918,1.999673e-01,2.755230e-01,4.818184e-01
22.2505,2.015701e-01,2.773959e-01,4.849484e-01
22.3092,2.031926e-01,2.792812e-01,4.880767e-01
22.3679,2.048311e-01,2.811765e-01,4.912029e-01
22.4266,2.064859e-01,2.830819e-01,4.943266e-01
22.4853,2.081574e-01,2.849975e-01,4.974470e-01
22.5440,2.098513e-01,2.869266e-01,5.005619e-01
22.6027,2.115649e-01,2.888675e-01,5.036709e-01
22.6614,2.132972e-01,2.908193e-01,5.067734e-01
22.7202,2.150490e-01,2.927825e-01,5.098684e-01
22.7789,2.168225e-01,2.947581e-01,5.129540e-01
22.8376,2.186250e-01,2.967499e-01,5.160249e-01
22.8963,2.204522e-01,2.987553e-01,5.190809e-01
22.9550,2.223088e-01,3.007765e-01,5.221160e-01
23.0137,2.241990e-01,3.028152e-01,5.251249e-01
23.0724,2.261305e-01,3.048755e-01,5.281015e-01
23.1311,2.280780e-01,3.069451e-01,5.310754e-01
23.1898,2.300393e-01,3.090228e-01,5.340463e-01
23.2485,2.320147e-01,3.111085e-01,5.370139e-01
23.3072,2.340046e-01,3.132023e-01,5.399775e-01
23.3659,2.360140e-01,3.153070e-01,5.429349e-01
23.4247,2.380379e-01,3.174195e-01,5.458868e-01
23.4834,2.400763e-01,3.195397e-01,5.488328e-01
23.5421,2.421294e-01,3.216677e-01,5.517721e-01
23.6008,2.442001e-01,3.238047e-01,5.547024e-01
23.6595,2.462888e-01,3.259506e-01,5.576222e-01
23.7182,2.483925e-01,3.281038e-01,5.605319e-01
23.7769,2.505116e-01,3.302640e-01,5.634304e-01
23.8356,2.526459e-01,3.324311e-01,5.663163e-01
23.8943,2.548015e-01,3.346069e-01,5.691812e-01
23.9530,2.569730e-01,3.367878e-01,5.720238e-01
24.0117,2.591600e-01,3.389720e-01,5.748369e-01
24.0705,2.613629e-01,3.411601e-01,5.776228e-01
24.1292,2.635849e-01,3.433586e-01,5.804005e-01
24.1879,2.658284e-01,3.455689e-01,5.831713e-01
24.2466,2.680895e-01,3.477890e-01,5.859360e-01
24.3053,2.703685e-01,3.500189e-01,5.886943e-01
24.3640,2.726657e-01,3.522588e-01,5.914454e-01
24.4227,2.749877e-01,3.545119e-01,5.941863e-01
24.4814,2.773305e-01,3.567762e-01,5.969177e-01
24.5401,2.796935e-01,3.590511e-01,5.996394e-01
24.5988,2.820771e-01,3.613368e-01,6.023508e-01
24.6575,2.844841e-01,3.636346e-01,6.050496e-01
24.7162,2.869206e-01,3.659475e-01,6.077315e-01
24.7750,2.893817e-01,3.682729e-01,6.103982e-01
24.8337,2.918689e-01,3.706114e-01,6.130477e-01
24.8924,2.943845e-01,3.729641e-01,6.156777e-01
24.9511,2.969426e-01,3.753377e-01,6.182755e-01
25.0098,2.995592e-01,3.777397e-01,6.208224e-01
25.0685,3.022082e-01,3.801575e-01,6.233451e-01
25.1272,3.048778e-01,3.825852e-01,6.258561e-01
25.1859,3.075600e-01,3.850191e-01,6.283643e-01
25.2446,3.102581e-01,3.874605e-01,6.308686e-01
25.3033,3.129679e-01,3.899074e-01,6.333696e-01
25.3620,3.156891e-01,3.923595e-01,6.358671e-01
25.4207,3.184218e-01,3.948168e-01,6.383611e-01
25.4795,3.211682e-01,3.972803e-01,6.408505e-01
25.5382,3.239275e-01,3.997493e-01,6.433350e-01
25.5969,3.266977e-01,4.022229e-01,6.458152e-01
25.6556,3.294786e-01,4.047009e-01,6.482908e-01
25.7143,3.322700e-01,4.071833e-01,6.507618e-01
25.7730,3.350758e-01,4.096712e-01,6.532256e-01
25.8317,3.378916e-01,4.121630e-01,6.556841e-01
25.8904,3.407173e-01,4.146583e-01,6.581370e-01
25.9491,3.435526e-01,4.171569e-01,6.605839e-01
26.0078,3.463990e-01,4.196594e-01,6.630238e-01
26.0665,3.492564e-01,4.221652e-01,6.654556e-01
26.1252,3.521227e-01,4.246737e-01,6.678805e-01
26.1840,3.549975e-01,4.271845e-01,6.702983e-01
26.2427,3.578806e-01,4.296974e-01,6.727087e-01
26.3014,3.607745e-01,4.322128e-01,6.751086e-01
26.3601,3.636763e-01,4.347296e-01,6.774998e-01
26.4188,3.665853e-01,4.372474e-01,6.798823e-01
26.4775,3.695013e-01,4.397661e-01,6.822558e-01
26.5362,3.724245e-01,4.422853e-01,6.846187e-01
26.5949,3.753554e-01,4.448044e-01,6.869689e-01
26.6536,3.782917e-01,4.473230e-01,6.893085e-01
26.7123,3.812332e-01,4.498407e-01,6.916372e-01
26.7710,3.841793e-01,4.523572e-01,6.939543e-01
26.8297,3.871306e-01,4.548712e-01,6.962557e-01
26.8885,3.900853e-01,4.573824e-01,6.985428e-01
26.9472,3.930425e-01,4.598903e-01,7.008160e-01
27.0059,3.960016e-01,4.623943e-01,7.030748e-01
27.0646,3.989618e-01,4.648936e-01,7.053171e-01
27.1233,4.019217e-01,4.673853e-01,7.075372e-01
27.1820,4.048798e-01,4.698699e-01,7.097389e-01
27.2407,4.078349e-01,4.723462e-01,7.119208e-01
27.2994,4.107854e-01,4.748129e-01,7.140810e-01
27.3581,4.137269e-01,4.772645e-01,7.162107e-01
27.4168,4.166538e-01,4.796964e-01,7.183048e-01
27.4755,4.195543e-01,4.820985e-01,7.203517e-01
27.5342,4.224288e-01,4.844710e-01,7.223521e-01
27.5930,4.252852e-01,4.868215e-01,7.243158e-01
27.6517,4.281524e-01,4.891758e-01,7.262734e-01
27.7104,4.310273e-01,4.915325e-01,7.282265e-01
27.7691,4.339099e-01,4.938917e-01,7.301749e-01
27.8278,4.368000e-01,4.962532e-01,7.321184e-01
27.8865,4.396990e-01,4.986174e-01,7.340561e-01
27.9452,4.426066e-01,5.009841e-01,7.359878e-01
28.0039,4.455213e-01,5.033526e-01,7.379141e-01
28.0626,4.484428e-01,5.057229e-01,7.398351e-01
28.1213,4.513710e-01,5.080948e-01,7.417506e-01
28.1800,4.543083e-01,5.104688e-01,7.436584e-01
28.2387,4.572520e-01,5.128440e-01,7.455600e-01
28.2975,4.602018e-01,5.152204e-01,7.474557e-01
28.3562,4.631576e-01,5.175977e-01,7.493451e-01
28.4149,4.661201e-01,5.199761e-01,7.512273e-01
28.4736,4.690896e-01,5.223552e-01,7.531014e-01
28.5323,4.720643e-01,5.247346e-01,7.549686e-01
28.5910,4.750442e-01,5.271144e-01,7.568289e-01
28.6497,4.780290e-01,5.294942e-01,7.586821e-01
28.7084,4.810199e-01,5.318738e-01,7.605256e-01
28.7671,4.840155e-01,5.342530e-01,7.623609e-01
28.8258,4.870152e-01,5.366315e-01,7.641884e-01
28.8845,4.900187e-01,5.390092e-01,7.660079e-01
28.9432,4.930261e-01,5.413857e-01,7.678182e-01
29.0020,4.960377e-01,5.437605e-01,7.696175e-01
29.0607,4.990522e-01,5.461335e-01,7.714078e-01
29.1194,5.020692e-01,5.485047e-01,7.731890e-01
29.1781,5.050885e-01,5.508737e-01,7.749607e-01
29.2368,5.081101e-01,5.532395e-01,7.767200e-01
29.2955,5.111332e-01,5.556019e-01,7.784677e-01
29.3542,5.141572e-01,5.579610e-01,7.802048e-01
29.4129,5.171816e-01,5.603164e-01,7.819307e-01
29.4716,5.202061e-01,5.626675e-01,7.836446e-01
29.5303,5.232295e-01,5.650123e-01,7.853422e-01
29.5890,5.262514e-01,5.673517e-01,7.870268e-01
29.6477,5.292711e-01,5.696851e-01,7.886977e-01
29.7065,5.322879e-01,5.720119e-01,7.903543e-01
29.7652,5.352997e-01,5.743295e-01,7.919920e-01
29.8239,5.383045e-01,5.766361e-01,7.936091e-01
29.8826,5.413008e-01,5.789313e-01,7.952061e-01
29.9413,5.442851e-01,5.812118e-01,7.967788e-01
30.0000,5.472526e-01,5.834732e-01,7.983217e-01
